{
	"format_version": "1.8.0",
	"animations": {
		"attack": {
			"animation_length": 0.25,
			"bones": {
				"knife": {
					"rotation": {
						"0.0": {
							"vector": [-152.5, -40, -180]
						},
						"0.25": {
							"vector": [-147.18722, 49.25107, -495.46518]
						}
					},
					"position": {
						"0.0": {
							"vector": [-35, 48, -102]
						},
						"0.125": {
							"vector": [3.5, 22, -122.5]
						},
						"0.25": {
							"vector": [42, 10, -109]
						}
					}
				},
				"chain": {
					"rotation": {
						"0.0": {
							"vector": [-27.5, 50, 0]
						},
						"0.0417": {
							"vector": [14.41932, 31.8763, 15.61003]
						},
						"0.0833": {
							"vector": [12.22127, 2.64324, 8.45001]
						},
						"0.125": {
							"vector": [24.72127, 2.64324, 8.45001]
						},
						"0.1667": {
							"vector": [40.32235, -20.96458, -10.44822]
						},
						"0.2083": {
							"vector": [57.97319, -44.54266, -41.83085]
						},
						"0.25": {
							"vector": [82.38639, -52.43757, -73.98467]
						}
					},
					"position": {
						"0.0": {
							"vector": [-31, 44, -11]
						},
						"0.0417": {
							"vector": [-20, 38, -14]
						},
						"0.0833": {
							"vector": [-10, 29, -16]
						},
						"0.125": {
							"vector": [4, 22, -23]
						},
						"0.1667": {
							"vector": [14, 21, -17]
						},
						"0.2083": {
							"vector": [21, 18, -11]
						},
						"0.25": {
							"vector": [29, 15, -9]
						}
					}
				},
				"chain2": {
					"rotation": {
						"vector": [17.5, 0, 0]
					},
					"position": {
						"vector": [-14, 21, -23]
					}
				},
				"chain3": {
					"rotation": {
						"vector": [0, -45, 0]
					},
					"position": {
						"vector": [-12, 19, -44]
					}
				},
				"chain4": {
					"rotation": {
						"0.0": {
							"vector": [0, -20, 0]
						},
						"0.125": {
							"vector": [0, -32.5, 0]
						},
						"0.25": {
							"vector": [0, -45, 0]
						}
					},
					"position": {
						"0.0": {
							"vector": [22, 26, 25]
						},
						"0.125": {
							"vector": [20, 26, 25]
						},
						"0.25": {
							"vector": [17, 24, 27]
						}
					}
				},
				"chain5": {
					"rotation": {
						"vector": [0, 25, 0]
					},
					"position": {
						"vector": [22, 20, 9]
					}
				},
				"chain6": {
					"rotation": {
						"0.0": {
							"vector": [30, 0, 0]
						},
						"0.25": {
							"vector": [17.5, 0, 0]
						}
					},
					"position": {
						"0.0": {
							"vector": [25, 23, 39]
						},
						"0.25": {
							"vector": [25, 22, 39]
						}
					}
				},
				"chain7": {
					"rotation": {
						"vector": [0, 97.5, 0]
					},
					"position": {
						"vector": [-7, 19, -75]
					}
				},
				"chain8": {
					"rotation": {
						"vector": [0, 25, 0]
					},
					"position": {
						"vector": [-12, 23, -56]
					}
				},
				"chain9": {
					"rotation": {
						"vector": [0, 57.5, 0]
					},
					"position": {
						"vector": [-6, 23, -63]
					}
				},
				"chain10": {
					"rotation": {
						"vector": [27.68035, 62.22995, 24.89867]
					},
					"position": {
						"vector": [10, 18, -114]
					}
				},
				"chain11": {
					"rotation": {
						"0.0": {
							"vector": [0, -32.5, 2.5]
						},
						"0.125": {
							"vector": [0, -60, 2.5]
						},
						"0.2083": {
							"vector": [0, -77.5, 2.5]
						},
						"0.25": {
							"vector": [-195, -82.5, -177.5]
						}
					},
					"position": {
						"0.0": {
							"vector": [15, 26, 81]
						},
						"0.125": {
							"vector": [11, 26, 76]
						},
						"0.2083": {
							"vector": [5, 26, 77]
						},
						"0.25": {
							"vector": [-1, 23, 76]
						}
					}
				},
				"chain12": {
					"rotation": {
						"0.0": {
							"vector": [0, 97.5, 0]
						},
						"0.1667": {
							"vector": [-10, 77.5, 0]
						},
						"0.2083": {
							"vector": [14.4455, 45.14334, 7.60131]
						},
						"0.25": {
							"vector": [10.67781, 18.26348, 0.63431]
						}
					},
					"position": {
						"0.0": {
							"vector": [-3, 26, 90]
						},
						"0.125": {
							"vector": [-6, 26, 79]
						},
						"0.1667": {
							"vector": [-3, 27, 78]
						},
						"0.2083": {
							"vector": [-3, 25, 75]
						},
						"0.25": {
							"vector": [-2, 20, 73]
						}
					}
				},
				"chain13": {
					"rotation": {
						"0.0": {
							"vector": [-6.29298, 37.33289, -3.82607]
						},
						"0.1667": {
							"vector": [-5.17544, 14.94159, -1.3378]
						},
						"0.2083": {
							"vector": [14.981, -4.98093, 0.43688]
						},
						"0.25": {
							"vector": [18.05441, -33.80538, -8.51167]
						}
					},
					"position": {
						"0.0": {
							"vector": [-7, 27, 102]
						},
						"0.125": {
							"vector": [-9, 28, 90]
						},
						"0.1667": {
							"vector": [-4, 29, 89]
						},
						"0.2083": {
							"vector": [-5, 23, 84]
						},
						"0.25": {
							"vector": [-2, 18, 82]
						}
					}
				},
				"chain14": {
					"rotation": {
						"0.0": {
							"vector": [-30, 35, 0]
						},
						"0.0833": {
							"vector": [-15.02707, 18.18622, 5.46159]
						},
						"0.125": {
							"vector": [15.76128, -25.35869, -6.20231]
						},
						"0.2083": {
							"vector": [20.10007, -44.41893, -13.67607]
						},
						"0.25": {
							"vector": [38.18336, -66.60527, -35.13157]
						}
					},
					"position": {
						"0.0": {
							"vector": [-14, 31, 106]
						},
						"0.0833": {
							"vector": [-12, 28, 106]
						},
						"0.125": {
							"vector": [-10, 28, 100]
						},
						"0.1667": {
							"vector": [-4, 28, 96]
						},
						"0.2083": {
							"vector": [-2, 21, 92]
						},
						"0.25": {
							"vector": [4, 16, 91]
						}
					}
				},
				"chain15": {
					"rotation": {
						"0.0": {
							"vector": [-27.5, 42.5, 0]
						},
						"0.0417": {
							"vector": [-30.40504, 12.51501, 14.78277]
						},
						"0.0833": {
							"vector": [-7.42209, -19.17072, 9.81041]
						},
						"0.125": {
							"vector": [-10.68043, -48.82516, 15.44053]
						},
						"0.1667": {
							"vector": [-21.50577, -70.55928, 27.74403]
						},
						"0.2083": {
							"vector": [-121.50216, -81.77244, 129.12775]
						}
					},
					"position": {
						"0.0": {
							"vector": [-22, 38, 110]
						},
						"0.0417": {
							"vector": [-15, 35, 111]
						},
						"0.0833": {
							"vector": [-12, 30, 112]
						},
						"0.125": {
							"vector": [-4, 24, 106]
						},
						"0.1667": {
							"vector": [1, 23, 106]
						},
						"0.2083": {
							"vector": [4, 17, 104]
						},
						"0.25": {
							"vector": [14, 12, 104]
						}
					}
				}
			}
		},
		"idle": {
			"animation_length": 0.04167,
			"bones": {
				"knife": {
					"rotation": {
						"vector": [-152.5, -40, -180]
					},
					"position": {
						"vector": [-35, 48, -102]
					}
				},
				"chain": {
					"rotation": {
						"vector": [-27.5, 50, 0]
					},
					"position": {
						"vector": [-31, 44, -11]
					}
				},
				"chain2": {
					"rotation": {
						"vector": [17.5, 0, 0]
					},
					"position": {
						"vector": [-14, 21, -23]
					}
				},
				"chain3": {
					"rotation": {
						"vector": [0, -45, 0]
					},
					"position": {
						"vector": [-12, 19, -44]
					}
				},
				"chain4": {
					"rotation": {
						"vector": [0, -20, 0]
					},
					"position": {
						"vector": [22, 26, 25]
					}
				},
				"chain5": {
					"rotation": {
						"vector": [0, 25, 0]
					},
					"position": {
						"vector": [22, 20, 9]
					}
				},
				"chain6": {
					"rotation": {
						"vector": [30, 0, 0]
					},
					"position": {
						"vector": [25, 23, 39]
					}
				},
				"chain7": {
					"rotation": {
						"vector": [0, 97.5, 0]
					},
					"position": {
						"vector": [-7, 19, -75]
					}
				},
				"chain8": {
					"rotation": {
						"vector": [0, 25, 0]
					},
					"position": {
						"vector": [-12, 23, -56]
					}
				},
				"chain9": {
					"rotation": {
						"vector": [0, 57.5, 0]
					},