{
	"format_version": "1.8.0",
	"animations": {
		"animation.voltblade_construct.idle": {
			"loop": true,
			"animation_length": 2,
			"bones": {
				"voltblade_construct": {
					"position": {
						"0.0": [0, 1, 0],
						"1.0": [0, 5, 0],
						"2.0": [0, 1, 0]
					}
				},
				"left_leg": {
					"rotation": {
						"0.0": [0, -20, 0],
						"1.0": [7.5, -20, 0],
						"2.0": [0, -20, 0]
					}
				},
				"right_leg": {
					"rotation": {
						"0.0": [0, 20, 0],
						"1.0": [7.5, 20, 0],
						"2.0": [0, 20, 0]
					}
				},
				"left_arm": {
					"rotation": {
						"0.0": [0, 0, -2.5],
						"1.0": [0, 0, -15],
						"2.0": [0, 0, -2.5]
					}
				},
				"right_arm": {
					"rotation": {
						"0.0": [0, 0, 2.5],
						"1.0": [0, 0, 15],
						"2.0": [0, 0, 2.5]
					}
				},
				"head": {
					"rotation": {
						"0.0": [10, 0, 0],
						"1.0": [17.5, 0, 0],
						"2.0": [10, 0, 0]
					}
				}
			}
		},
		"animation.voltblade_construct.spin": {
			"animation_length": 3,
			"bones": {
				"voltblade_construct": {
					"rotation": {
						"0.5": [0, 0, 0],
						"1.0": [0, 360, 0],
						"1.5": [0, 716.25, 0],
						"2.0": [0, 1073.75, 0],
						"2.5": [0, 1431.25, 0],
						"3.0": [0, 1436.25, 0]
					},
					"position": {
						"0.0": [0, 1, 0],
						"1.0": [0, 5, 0],
						"2.0": [0, 1, 0]
					}
				},
				"left_leg": {
					"rotation": {
						"0.0": [0, -20, 0],
						"1.0": [7.5, -20, 0],
						"2.0": [0, -20, 0],
						"3.0": [7.5, -20, 0]
					}
				},
				"right_leg": {
					"rotation": {
						"0.0": [0, 20, 0],
						"1.0": [7.5, 20, 0],
						"2.0": [0, 20, 0],
						"3.0": [7.5, 20, 0]
					}
				},
				"left_arm": {
					"rotation": {
						"0.0": [0, 0, -2.5],
						"0.5": [-67.20412, 28.02432, 2.42023],
						"2.5": [-67.20412, 28.02432, 2.42023],
						"2.75": [0, 0, -2.5]
					}
				},
				"right_arm": {
					"rotation": {
						"0.0": [0, 0, 2.5],
						"0.5": [-67.20412, -28.02432, -2.42023],
						"2.5": [-67.20412, -28.02432, -2.42023],
						"3.0": [0, 0, 2.5]
					}
				},
				"head": {
					"rotation": {
						"0.0": [10, 0, 0],
						"0.75": [17.5, 0, 0],
						"1.5": [10, 0, 0],
						"2.25": [17.5, 0, 0],
						"3.0": [10, 0, 0]
					}
				},
				"electrified_sword": {
					"rotation": {
						"0.0": [0, 0, 0],
						"0.5": [89.55727, 45.61507, 72.93821],
						"2.5": [89.55727, 45.61507, 72.93821],
						"3.0": [0, 0, 0]
					},
					"position": {
						"0.0": [0, 0, 0],
						"0.5": [1, -1, 0],
						"2.5": [1, -1, 0],
						"3.0": [0, 0, 0]
					}
				}
			}
		},
		"animation.voltblade_construct.slash": {
			"animation_length": 2.5,
			"bones": {
				"voltblade_construct": {
					"position": {
						"0.0": [0, 1, 0],
						"0.625": [0, 5, 0],
						"1.2917": [0, 1, 0],
						"1.9167": [0, 5, 0],
						"2.5": [0, 1, 0]
					}
				},
				"left_leg": {
					"rotation": {
						"0.0": [0, -20, 0],
						"0.625": [7.5, -20, 0],
						"1.2917": [0, -20, 0],
						"1.9167": [7.5, -20, 0],
						"2.5": [0, -20, 0]
					}
				},
				"right_leg": {
					"rotation": {
						"0.0": [0, 20, 0],
						"0.625": [7.5, 20, 0],
						"1.2917": [0, 20, 0],
						"1.9167": [7.5, 20, 0],
						"2.5": [0, 20, 0]
					}
				},
				"left_arm": {
					"rotation": {
						"0.0": [0, 0, -2.5],
						"0.625": [0, 0, -15],
						"1.0": [0, 30, -7.96875],
						"1.2083": [0, -37.5, -2.5],
						"1.8333": [0, -37.5, -2.5],
						"2.0": [0, 30, -7.96875],
						"2.5": [0, 0, -2.5]
					},
					"position": {
						"0.0": [0, 0, 0],
						"1.0": [0, 0, -2],
						"1.2083": [-1, 0, 3],
						"1.8333": [-1, 0, 3],
						"2.0": [0, 0, -2],
						"2.5": [0, 0, 0]
					}
				},
				"right_arm": {
					"rotation": {
						"0.0": [0, 0, 2.5],
						"1.0": [57.5, 0, 116.25],
						"1.1667": [-162.5, 0, 116.25],
						"1.8333": [-162.5, 0, 116.25],
						"2.0": [45.79388, -16.66577, 110.83385],
						"2.5": [0, 0, 2.5]
					},
					"position": {
						"0.0": [0, 0, 0],
						"1.0": [-4, 0, 4],
						"1.1667": [-4, -1, -5],
						"1.8333": [-4, -1, -5],
						"2.0": [-4, -1, 2],
						"2.5": [0, 0, 0]
					}
				},
				"head": {
					"rotation": {
						"0.0": [10, 0, 0],
						"1.0": [15.1093, 24.23668, 6.32455],
						"1.2083": [16.65322, -16.70184, -5.26506],
						"1.8333": [17.5, 0, 0],
						"2.0": [17.96909, 16.69501, 5.32292],
						"2.5": [10, 0, 0]
					}
				},
				"electrified_sword": {
					"rotation": {
						"0.0": [0, 0, 0],
						"1.0": [0, 115, 0],
						"1.125": [0, 115, 0],
						"1.2083": [-14.68103, 28.66734, 9.44988],
						"2.0": [-15, 65, 0],
						"2.5": [0, 0, 0]
					}
				},
				"body": {
					"rotation": {
						"0.0": [0, 0, 0],
						"1.0": [0, 37.5, 0],
						"1.2083": [0, -42.5, 0],
						"1.8333": [0, -42.5, 0],
						"2.0": [0, 37.5, 0],
						"2.5": [0, 0, 0]
					}
				}
			}
		}
	}
}