{
	"format_version": "1.8.0",
	"animations": {
		"ark1": {
			"animation_length": 0.5,
			"bones": {
				"right_arm": {
					"rotation": {
						"0.0": {
							"vector": [-118.42412, -0.43982, -16.72632]
						},
						"0.25": {
							"vector": [-24.28693, -4.97956, -53.04119]
						}
					},
					"position": {
						"vector": [1, 0, -2]
					}
				},
				"left_arm": {
					"rotation": {
						"0.0": {
							"vector": [-138.45382, 49.85118, -33.55941]
						},
						"0.125": {
							"vector": [-71.08736, 47.04098, 6.93856]
						},
						"0.25": {
							"vector": [-36.90903, 10.69327, 34.47663]
						}
					},
					"position": {
						"0.0": {
							"vector": [-3, 0, -3]
						},
						"0.25": {
							"vector": [0, 0, 0]
						}
					}
				}
			}
		},
		"ark2": {
			"animation_length": 0.5,
			"bones": {
				"torso": {
					"rotation": {
						"0.0": {
							"vector": [0, 0, 0]
						},
						"0.2917": {
							"vector": [0, 40, 0]
						}
					}
				},
				"right_arm": {
					"rotation": {
						"0.0": {
							"vector": [-133.96118, -9.10766, 130.80673]
						},
						"0.25": {
							"vector": [23.53882, -9.10766, 130.80673]
						}
					},
					"position": {
						"0.0": {
							"vector": [-1, -1, -1]
						},
						"0.2917": {
							"vector": [-1, 0, 4]
						}
					}
				},
				"left_arm": {
					"rotation": {
						"0.0": {
							"vector": [-47.0116, 47.28607, 15.41586]
						},
						"0.2917": {
							"vector": [2.90754, 51.29782, -10.86215]
						}
					},
					"position": {
						"0.0": {
							"vector": [0, -1, 0]
						},
						"0.2917": {
							"vector": [-1, 0, -3]
						}
					}
				}
			}
		},
		"ark3": {
			"animation_length": 0.5,
			"bones": {
				"torso": {
					"rotation": {
						"0.0": {
							"vector": [0, 50, 0]
						},
						"0.25": {
							"vector": [0, -35, 0]
						}
					}
				},
				"right_arm": {
					"rotation": {
						"0.0": {
							"vector": [47.5, 0, 90]
						},
						"0.25": {
							"vector": [-127.5, 0, 90]
						}
					},
					"position": {
						"0.0": {
							"vector": [1, -1, 5]
						},
						"0.25": {
							"vector": [0, -1, -4]
						}
					}
				},
				"left_arm": {
					"rotation": {
						"0.0": {
							"vector": [0, 20, -15]
						},
						"0.25": {
							"vector": [10.73052, -46.55847, -29.62771]
						}
					},
					"position": {
						"0.0": {
							"vector": [-1, 0, -4]
						},
						"0.25": {
							"vector": [0, 0, 3]
						}
					}
				}
			}
		}
	},
	"geckolib_format_version": 2
}