{
	"format_version": "1.8.0",
	"animations": {
		"blood": {
			"animation_length": 2,
			"bones": {
				"right_arm": {
					"rotation": {
						"0.0": {
							"vector": [0, 0, 0]
						},
						"0.3333": {
							"vector": [-134.08516, -61.02219, 97.99346]
						},
						"1.0": {
							"vector": [-134.08516, -61.02219, 97.99346]
						},
						"1.2083": {
							"vector": [70.98248, -4.31679, 105.28792]
						},
						"1.8333": {
							"vector": [70.98248, -4.31679, 105.28792]
						},
						"2.0": {
							"vector": [0, 0, 0]
						}
					},
					"position": {
						"0.0": {
							"vector": [0, 0, 0]
						},
						"2.0": {
							"vector": [0, 0, 0]
						}
					}
				},
				"left_arm": {
					"rotation": {
						"0.0": {
							"vector": [0, 0, 0]
						},
						"0.3333": {
							"vector": [0, 0, -52.5]
						},
						"1.0": {
							"vector": [0, 0, -52.5]
						},
						"1.2083": {
							"vector": [27.5, 0, -22.5]
						},
						"1.8333": {
							"vector": [27.5, 0, -22.5]
						},
						"2.0": {
							"vector": [0, 0, 0]
						}
					},
					"position": {
						"0.0": {
							"vector": [0, 0, 0]
						},
						"2.0": {
							"vector": [0, 0, 0]
						}
					}
				},
				"left_leg": {
					"rotation": {
						"0.0": {
							"vector": [0, 0, 0]
						},
						"0.3333": {
							"vector": [17.5, 0, 0]
						},
						"1.0": {
							"vector": [17.5, 0, 0]
						},
						"1.2083": {
							"vector": [-33.65, 0, 0]
						},
						"1.8333": {
							"vector": [-33.65, 0, 0]
						},
						"2.0": {
							"vector": [0, 0, 0]
						}
					},
					"position": {
						"0.0": {
							"vector": [0, 0, 0]
						},
						"2.0": {
							"vector": [0, 0, 0]
						}
					}
				}
			}
		}
	},
	"geckolib_format_version": 2
}