{
	"format_version": "1.8.0",
	"animations": {
		"bloodlust": {
			"animation_length": 5.5,
			"bones": {
				"torso": {
					"rotation": {
						"0.0": {
							"vector": [0, 0, 0]
						},
						"0.5833": {
							"vector": [0, 35, 0]
						},
						"0.8333": {
							"vector": [0, -57.5, 0]
						},
						"1.0833": {
							"vector": [0, -20, 0]
						},
						"1.5": {
							"vector": [0, -20, 0]
						}
					}
				},
				"head": {
					"rotation": {
						"0.0": {
							"vector": [0, 0, 0]
						},
						"0.5833": {
							"vector": [0, 35, 0]
						},
						"0.8333": {
							"vector": [0, -45, 0]
						},
						"2.5": {
							"vector": [0, -45, 0]
						},
						"3.0": {
							"vector": [0, -2.5, 0]
						},
						"3.5": {
							"vector": [0, -2.5, 0]
						}
					}
				},
				"right_arm": {
					"rotation": {
						"0.0": {
							"vector": [0.62077, 1.09614, 0.8169]
						},
						"0.5833": {
							"vector": [71.49626, 40.53233, 36.77809]
						},
						"0.8333": {
							"vector": [-116.3256, -40.76832, 41.33375]
						},
						"2.5": {
							"vector": [-116.3256, -40.76832, 41.33375]
						},
						"3.0": {
							"vector": [16.58303, 11.92469, 14.78207]
						},
						"4.4167": {
							"vector": [16.58303, 11.92469, 14.78207]
						},
						"4.5": {
							"vector": [-10.91697, 11.92469, 14.78207]
						},
						"4.5833": {
							"vector": [11.58303, 11.92469, 14.78207]
						},
						"5.5": {
							"vector": [11.58303, 11.92469, 14.78207]
						}
					},
					"position": {
						"0.0": {
							"vector": [0, 0, 0]
						},
						"0.5833": {
							"vector": [0, 0, 3]
						},
						"0.8333": {
							"vector": [3, 0, -4]
						},
						"2.5": {
							"vector": [3, 0, -4]
						},
						"3.0": {
							"vector": [0, 0, -2]
						},
						"4.4167": {
							"vector": [0, 0, -2]
						}
					}
				},
				"left_arm": {
					"rotation": {
						"0.0": {
							"vector": [0, 0, 0]
						},
						"0.5833": {
							"vector": [-57.73606, 30.58061, -65.75797]
						},
						"0.75": {
							"vector": [-4.25564, 26.29087, -17.49011]
						},
						"0.7917": {
							"vector": [123.35037, -31.45704, 220.20517]
						},
						"0.8333": {
							"vector": [106.04735, -53.60244, 277.82437]
						},
						"1.5": {
							"vector": [106.04735, -53.60244, 277.82437]
						},
						"1.7083": {
							"vector": [-81.02887, -22.71444, 417.04662]
						},
						"2.0": {
							"vector": [-81.02887, -22.71444, 417.04662]
						},
						"2.5": {
							"vector": [-81.02887, -22.71444, 417.04662]
						},
						"3.0": {
							"vector": [15.70752, -81.71668, 327.29373]
						},
						"3.75": {
							"vector": [15.70752, -81.71668, 327.29373]
						}
					},
					"position": {
						"0.0": {
							"vector": [0, 0, 0]
						},
						"0.5833": {
							"vector": [2, 0, 0]
						},
						"0.8333": {
							"vector": [-1, 0, 5]
						},
						"1.5": {
							"vector": [-1, 0, 5]
						},
						"1.7083": {
							"vector": [-1, 0, 2]
						}
					}
				},
				"right_leg": {
					"rotation": {
						"0.0": {
							"vector": [0, 0, 0]
						},
						"0.5833": {
							"vector": [-32.5, 0, 0]
						},
						"0.8333": {
							"vector": [-29.56815, -29.51082, 5.68314]
						}
					},
					"position": {
						"0.0": {
							"vector": [0, 0, 1]
						},
						"0.8333": {
							"vector": [1, 0, -2]
						}
					}
				},
				"left_leg": {
					"rotation": {
						"0.0": {
							"vector": [-0.11267, -1.29876, -0.08385]
						},
						"0.5833": {
							"vector": [7.5, 0, -10]
						},
						"0.8333": {
							"vector": [25.61003, -22.29711, -13.09472]
						}
					},
					"position": {
						"0.0": {
							"vector": [0, 0, 1]
						},
						"0.8333": {
							"vector": [-1, 0, 1]
						}
					}
				}
			}
		}
	},
	"geckolib_format_version": 2
}