{
	"format_version": "1.8.0",
	"animations": {
		"heavyrecoilgun": {
			"animation_length": 0.54167,
			"bones": {
				"torso": {
					"rotation": {
						"vector": [0, 15, 0]
					}
				},
				"right_arm": {
					"rotation": {
						"0.0": {
							"vector": [-90, 0, 0]
						},
						"0.125": {
							"vector": [-122.5, 0, 0]
						},
						"0.375": {
							"vector": [-122.5, 0, 0]
						}
					}
				},
				"left_arm": {
					"rotation": {
						"0.0": {
							"vector": [-90, 50, 0]
						},
						"0.125": {
							"vector": [-127.89728, 60.26996, -12.60468]
						},
						"0.2917": {
							"vector": [-127.89728, 60.26996, -12.60468]
						},
						"0.4167": {
							"vector": [-120.39728, 60.26996, -12.60468]
						},
						"0.5417": {
							"vector": [-110.41016, 29.13503, 11.18324]
						}
					},
					"position": {
						"vector": [-3, 0, -3]
					}
				}
			}
		}
	},
	"geckolib_format_version": 2
}