{
	"format_version": "1.8.0",
	"animations": {
		"largeweapondown": {
			"animation_length": 2,
			"bones": {
				"torso": {
					"rotation": {
						"0.0": {
							"vector": [0, 0, 0]
						},
						"0.5": {
							"vector": [-17.5, 0, 0]
						},
						"1.0": {
							"vector": [-17.5, 0, 0]
						},
						"1.25": {
							"vector": [20, 0, 0]
						},
						"2.0": {
							"vector": [20, 0, 0]
						}
					},
					"position": {
						"0.0": {
							"vector": [0, 0, 0]
						},
						"0.5": {
							"vector": [0, 0, 3]
						},
						"1.0": {
							"vector": [0, 0, 3]
						},
						"1.25": {
							"vector": [0, 0, -3]
						},
						"2.0": {
							"vector": [0, 0, -3]
						}
					}
				},
				"head": {
					"rotation": {
						"0.0": {
							"vector": [-2.5, 0, 0]
						},
						"0.5": {
							"vector": [-20, 0, 0]
						},
						"1.0": {
							"vector": [-20, 0, 0]
						},
						"1.25": {
							"vector": [12.5, 0, 0]
						},
						"2.0": {
							"vector": [12.5, 0, 0]
						}
					},
					"position": {
						"0.0": {
							"vector": [0, 0, 0]
						},
						"0.5": {
							"vector": [0, 0, 3]
						},
						"1.0": {
							"vector": [0, 0, 3]
						},
						"1.25": {
							"vector": [0, 0, -3]
						},
						"2.0": {
							"vector": [0, 0, -3]
						}
					}
				},
				"right_arm": {
					"rotation": {
						"0.0": {
							"vector": [-201.99054, 12.19908, 27.62113]
						},
						"0.5": {
							"vector": [-226.99054, 12.19908, 27.62113]
						},
						"1.0": {
							"vector": [-226.99054, 12.19908, 27.62113]
						},
						"1.0833": {
							"vector": [-155.69027, -20.82365, 42.67903]
						},
						"1.1667": {
							"vector": [-66.55899, -48.742, -10.75909]
						},
						"1.25": {
							"vector": [8.75511, -24.76673, -41.21125]
						},
						"2.0": {
							"vector": [8.75511, -24.76673, -41.21125]
						}
					},
					"position": {
						"0.0": {
							"vector": [0, 0, 0]
						},
						"0.5": {
							"vector": [0, 0, 3]
						},
						"1.0": {
							"vector": [0, 0, 3]
						},
						"1.25": {
							"vector": [0, 0, -3]
						},
						"2.0": {
							"vector": [0, 0, -3]
						}
					}
				},
				"left_arm": {
					"rotation": {
						"0.0": {
							"vector": [-201.99054, -12.19908, -27.62113]
						},
						"0.5": {
							"vector": [-226.99054, -12.19908, -27.62113]
						},
						"1.0": {
							"vector": [-226.99054, -12.19908, -27.62113]
						},
						"1.0833": {
							"vector": [-157.77162, 19.08734, -40.93252]
						},
						"1.1667": {
							"vector": [-76.47079, 39.98799, 1.09804]
						},
						"1.25": {
							"vector": [0.64868, 31.58532, 35.44609]
						},
						"2.0": {
							"vector": [0.64868, 31.58532, 35.44609]
						}
					},
					"position": {
						"0.0": {
							"vector": [0, 0, 0]
						},
						"0.5": {
							"vector": [0, 0, 3]
						},
						"1.0": {
							"vector": [0, 0, 3]
						},
						"1.25": {
							"vector": [0, 0, -2]
						},
						"2.0": {
							"vector": [0, 0, -2]
						}
					}
				},
				"right_leg": {
					"rotation": {
						"0.0": {
							"vector": [0, 0, 0]
						},
						"0.5": {
							"vector": [20, 0, 0]
						}
					}
				},
				"left_leg": {
					"rotation": {
						"1.0": {
							"vector": [0, 0, 0]
						},
						"1.25": {
							"vector": [-27.5, 0, 0]
						},
						"2.0": {
							"vector": [-27.5, 0, 0]
						}
					}
				}
			}
		}
	},
	"geckolib_format_version": 2
}