{
	"format_version": "1.8.0",
	"animations": {
		"scissorssnip": {
			"animation_length": 2,
			"bones": {
				"right_arm": {
					"rotation": {
						"0.0": {
							"vector": [-2.78089, -35.39626, -29.83757]
						},
						"1.0": {
							"vector": [-2.78089, -35.39626, -29.83757]
						},
						"1.1667": {
							"vector": [-50.47298, 43.68059, -4.07292]
						},
						"2.0": {
							"vector": [-50.47298, 43.68059, -4.07292]
						}
					}
				},
				"left_arm": {
					"rotation": {
						"0.0": {
							"vector": [-2.78089, 35.39626, 29.83757]
						},
						"1.0": {
							"vector": [-2.78089, 35.39626, 29.83757]
						},
						"1.1667": {
							"vector": [-54.36457, -46.72889, 9.70612]
						},
						"2.0": {
							"vector": [-54.36457, -46.72889, 9.70612]
						}
					}
				}
			}
		}
	},
	"geckolib_format_version": 2
}