{
	"format_version": "1.8.0",
	"animations": {
		"swingcombo": {
			"animation_length": 1.5,
			"bones": {
				"right_arm": {
					"rotation": {
						"0.0": {
							"vector": [-72.76558, 24.94169, -53.66086]
						},
						"0.125": {
							"vector": [-72.76558, 24.94169, -53.66086]
						},
						"0.25": {
							"vector": [-17.76558, 24.94169, -53.66086]
						},
						"0.5": {
							"vector": [-99.31014, 2.76027, -49.74579]
						},
						"0.5833": {
							"vector": [-72.76558, 24.94169, -53.66086]
						},
						"0.7917": {
							"vector": [-17.76558, 24.94169, -53.66086]
						},
						"1.0": {
							"vector": [-72.76558, 24.94169, -53.66086]
						},
						"1.1667": {
							"vector": [-130.26558, 24.94169, -53.66086]
						}
					},
					"position": {
						"0.0": {
							"vector": [-1, 1, 0]
						},
						"0.125": {
							"vector": [-1, 1, 0]
						},
						"0.5833": {
							"vector": [-1, 1, 0]
						},
						"1.0": {
							"vector": [-1, 1, 0]
						}
					}
				},
				"left_arm": {
					"rotation": {
						"0.0": {
							"vector": [-68.421, -34.14621, 52.87357]
						},
						"0.125": {
							"vector": [-25.921, -34.14621, 52.87357]
						},
						"0.375": {
							"vector": [-101.23532, 2.77834, 36.53496]
						},
						"0.5833": {
							"vector": [-25.921, -34.14621, 52.87357]
						},
						"0.7083": {
							"vector": [-101.23532, 2.77834, 36.53496]
						},
						"0.9167": {
							"vector": [-25.921, -34.14621, 52.87357]
						},
						"1.1667": {
							"vector": [-127.92981, -16.08893, 54.57213]
						}
					},
					"position": {
						"0.0": {
							"vector": [1, 1, 0]
						},
						"0.375": {
							"vector": [0, 1, 0]
						},
						"0.7083": {
							"vector": [0, 1, 0]
						},
						"1.1667": {
							"vector": [1, 1, 0]
						}
					}
				}
			}
		}
	},
	"geckolib_format_version": 2
}