{
	"format_version": "1.8.0",
	"animations": {
		"swordground": {
			"animation_length": 1.5,
			"bones": {
				"right_arm": {
					"rotation": {
						"0.0": {
							"vector": [2490.95886, 43.96924, 206.73242]
						},
						"0.5": {
							"vector": [2490.95886, 43.96924, 206.73242]
						},
						"0.75": {
							"vector": [2433.36294, 48.13932, 185.89052]
						},
						"1.5": {
							"vector": [2433.36294, 48.13932, 185.89052]
						}
					},
					"position": {
						"0.75": {
							"vector": [-2, 2, -3]
						},
						"1.5": {
							"vector": [-2, 2, -3]
						}
					}
				},
				"left_arm": {
					"rotation": {
						"0.0": {
							"vector": [-145.55843, 33.3708, -18.18916]
						},
						"0.5": {
							"vector": [-145.55843, 33.3708, -18.18916]
						},
						"0.75": {
							"vector": [-98.85374, 35.91981, -6.42634]
						},
						"1.5": {
							"vector": [-98.85374, 35.91981, -6.42634]
						}
					},
					"position": {
						"0.75": {
							"vector": [0, 1, -1]
						},
						"1.5": {
							"vector": [0, 1, -1]
						}
					}
				}
			}
		}
	},
	"geckolib_format_version": 2
}